session_id,relative_path,archive_dir,file_stem,aircraft,distance,sidecar_timestamp,sidecar_gains,aircraft_name,raw_reference_s,raw_array_s,sync_reference_s,sync_array_s,sync_duration_delta_s,reference_slices,array_slices,fragment_pngs,overview_pngs,session_files,session_bytes,reference_mid_rms_dbfs,note
flip_2m,DJI_FPV_FLIP/2m,flip/2m,DJI_FLIP_2M,DJI Flip,2m,2026-05-22 09:01:24.453156,1.0;1.0;1.0;1.0;1.0;1.0;1.0;1.0,DJI Flip,202.406054,203.008000,193.711247,193.811313,-0.100066,193,193,772,9,1180,391537696,-37.04,"Package sidecar uses English keys. Source sidecar said ""DJI FPV Flip"" and used the Portuguese key distancia."
flip_5m,DJI_FPV_FLIP/5m,flip/5m,DJI_FLIP_5M,DJI Flip,5m,2026-05-22 09:08:08.200775,1.0;1.0;1.0;1.0;1.0;1.0;1.0;1.0,DJI Flip,195.251406,197.760000,184.092018,182.300000,1.792018,184,182,732,9,1120,312389847,-40.62,"Package sidecar uses English keys. Source sidecar said ""DJI FPV Flip"" and used the Portuguese key distancia."
flip_10m,DJI_FPV_FLIP/10m,flip/10m,DJI_FLIP_10M,DJI Flip,10m,2026-05-22 09:14:39.100076,1.0;1.0;1.0;1.0;1.0;1.0;1.0;1.0,DJI Flip,193.234172,194.112000,180.352222,180.466000,-0.113778,180,180,720,9,1102,366517713,-38.56,"Package sidecar uses English keys. Source sidecar said ""DJI FPV Flip"" and used the Portuguese key distancia."
neo2_2m,DJI_NEO_2/2m,neo2/2m,DJI_NEO_2M,DJI Neo 2,2m,2026-05-22 09:47:58.841664,1.0;1.0;1.0;1.0;1.0;1.0;1.0;1.0,DJI Neo 2,195.091769,193.920000,179.993855,180.026250,-0.032395,179,180,718,9,1099,358205712,-37.08,"The manufacturer sheet for this folder describes DJI Neo (about 135 g), not Neo 2. See aircraft_specifications.json."
neo2_5m,DJI_NEO_2/5m,neo2/5m,DJI_NEO_5M,DJI Neo 2,5m,2026-05-22 09:52:58.634050,1.0;1.0;1.0;1.0;1.0;1.0;1.0;1.0,DJI Neo 2,186.514898,185.408000,172.350000,176.808000,-4.458000,172,176,696,9,1066,298375361,-40.14,"The manufacturer sheet for this folder describes DJI Neo (about 135 g), not Neo 2. See aircraft_specifications.json."
neo2_10m,DJI_NEO_2/10m,neo2/10m,DJI_NEO_10M,DJI Neo 2,10m,2026-05-22 09:58:33.579961,1.0;1.0;1.0;1.0;1.0;1.0;1.0;1.0,DJI Neo 2,196.818753,195.840000,182.364739,182.336750,0.027989,182,182,728,9,1114,370454625,-40.90,"The manufacturer sheet for this folder describes DJI Neo (about 135 g), not Neo 2. See aircraft_specifications.json."
mini4pro_2m,DJI_MINI_4_PRO/2m,mini4pro/2m,DJI_MINI_2M,DJI Mini 4 Pro,2m,2026-05-22 09:22:13.073119,1.0;1.0;1.0;1.0;1.0;1.0;1.0;1.0,DJI Mini 4 Pro,196.645215,193.280000,180.125941,180.165437,-0.039496,180,180,720,9,1102,380147516,-36.77,Distance is the sidecar string only. There is no range log.
mini4pro_5m,DJI_MINI_4_PRO/5m,mini4pro/5m,DJI_MINI_5M,DJI Mini 4 Pro,5m,2026-05-22 09:26:14.535361,1.0;1.0;1.0;1.0;1.0;1.0;1.0;1.0,DJI Mini 4 Pro,194.438707,192.768000,180.359206,169.800000,10.559206,180,169,698,9,1069,369423789,-38.69,Distance is the sidecar string only. There is no range log.
mini4pro_10m,DJI_MINI_4_PRO/10m,mini4pro/10m,DJI_MINI_10M,DJI Mini 4 Pro,10m,2026-05-22 09:32:49.174844,1.0;1.0;1.0;1.0;1.0;1.0;1.0;1.0,DJI Mini 4 Pro,194.351633,193.216000,179.844331,179.882563,-0.038232,179,179,716,9,1096,379009472,-39.43,Distance is the sidecar string only. There is no range log.
mini4pro_noguard_free,DJI_MINI_4_PRO -  sem protetor/LIVRE,mini4pro_noguard_free,DJI_MINI_SEM_PROTETOR_LIVRE,DJI Mini 4 Pro,free,2026-05-22 10:36:30.664300,1.0;1.0;1.0;1.0;1.0;1.0;1.0;1.0,DJI Mini 4 Pro,186.297211,185.152000,172.013243,170.700063,1.313180,172,170,684,9,1048,365108826,-38.47,"Free flight without a propeller guard. Source distance was LIVRE. There is no matched free flight with the guard. The source path contains two spaces before ""sem"" and must be URL-quoted."
multi_neo2_mini4pro_free,DJI_NEO_2_E_DJI_MINI_4_PRO/LIVRE,multi_neo2_mini4pro_free,DJI_NEO_MINI_LIVRE,DJI Neo 2 + DJI Mini 4 Pro,free,2026-05-22 10:30:11.530212,1.0;1.0;1.0;1.0;1.0;1.0;1.0;1.0,DJI Neo 2; DJI Mini 4 Pro,227.860930,223.616000,209.420794,209.485437,-0.064643,209,209,836,9,1276,432113766,-39.29,"No time marks assign a segment to one airframe. Source distance was LIVRE. The Neo block in aircraft_specifications.json describes DJI Neo (about 135 g), not Neo 2."
multi_flip_neo2_mini4pro_matrice_free,DJI_FLIP_NEO_MINI_MATRICE/LIVRE,multi_flip_neo2_mini4pro_matrice_free,DJI_FLIP_NEO_MINI_MATRICE_LIVRE,DJI Flip + DJI Neo 2 + DJI Mini 4 Pro + DJI Matrice 350,free,2026-05-22 10:18:42.274861,1.0;1.0;1.0;1.0;1.0;1.0;1.0;1.0,DJI Flip; DJI Neo 2; DJI Mini 4 Pro; DJI Matrice 350,374.407868,373.824000,358.600703,358.688125,-0.087422,358,358,1432,9,2170,729050948,-35.43,"No time marks assign a segment to one airframe. Source distance was LIVRE. Source aircraft string used ""DJI FPV Flip"". The Neo block describes DJI Neo (about 135 g), not Neo 2."
matrice350,"DJI_MATRICE_350/10m, 5m e 2m",matrice350,DJI_MATRICE_10M_5M_2M,DJI Matrice 350,"10m, 5m and 2m",2026-09-16 13:05:40.727258,1.0;1.0;1.0;1.0;1.0;1.0;1.0;1.0,DJI Matrice 350,622.383084,627.136000,608.927959,609.056688,-0.128729,608,609,2434,9,3673,1252452424,-32.68,"Package sidecar aircraft is DJI Matrice 350; source sidecar wrongly said DJI Flip. Distance string is the whole trajectory (source: ""10m, 5m e 2m""). In Brutos the array and sidecar are named Respe_ with a capital R."
