session_id,channel,window,start_s,n_frames,peak,rms_dbfs,window_label,channel_class
flip_2m,1,start,1.000000,32000,162,-63.8984,signal,varying
flip_2m,1,mid,100.504000,32000,531,-49.9458,signal,varying
flip_2m,1,end,200.008000,32000,2086,-43.6665,signal,varying
flip_2m,2,start,1.000000,32000,161,-61.1145,signal,flat
flip_2m,2,mid,100.504000,32000,159,-61.3975,signal,flat
flip_2m,2,end,200.008000,32000,144,-61.1084,signal,flat
flip_2m,3,start,1.000000,32000,1,-93.7366,idle,idle
flip_2m,3,mid,100.504000,32000,1,-94.2017,idle,idle
flip_2m,3,end,200.008000,32000,2,-94.2979,idle,idle
flip_2m,4,start,1.000000,32000,2,-93.3370,idle,idle
flip_2m,4,mid,100.504000,32000,2,-92.5375,idle,idle
flip_2m,4,end,200.008000,32000,2,-91.8594,idle,idle
flip_2m,5,start,1.000000,32000,110,-64.9069,signal,varying
flip_2m,5,mid,100.504000,32000,458,-49.9492,signal,varying
flip_2m,5,end,200.008000,32000,3731,-37.4748,signal,varying
flip_2m,6,start,1.000000,32000,115,-63.0445,signal,varying
flip_2m,6,mid,100.504000,32000,462,-49.5424,signal,varying
flip_2m,6,end,200.008000,32000,3120,-40.6185,signal,varying
flip_2m,7,start,1.000000,32000,131,-64.7233,signal,varying
flip_2m,7,mid,100.504000,32000,422,-50.2218,signal,varying
flip_2m,7,end,200.008000,32000,3677,-38.3948,signal,varying
flip_2m,8,start,1.000000,32000,170,-63.7925,signal,varying
flip_2m,8,mid,100.504000,32000,493,-50.0220,signal,varying
flip_2m,8,end,200.008000,32000,1922,-44.5943,signal,varying
flip_5m,1,start,1.000000,32000,4,-78.2678,stuck_constant,stuck_constant
flip_5m,1,mid,97.880000,32000,4,-78.2678,stuck_constant,stuck_constant
flip_5m,1,end,194.760000,32000,4,-78.2678,stuck_constant,stuck_constant
flip_5m,2,start,1.000000,32000,2,-84.2884,idle,idle
flip_5m,2,mid,97.880000,32000,2,-84.2884,idle,idle
flip_5m,2,end,194.760000,32000,2,-84.2884,idle,idle
flip_5m,3,start,1.000000,32000,1,-90.3090,idle,idle
flip_5m,3,mid,97.880000,32000,1,-90.3090,idle,idle
flip_5m,3,end,194.760000,32000,1,-90.3090,idle,idle
flip_5m,4,start,1.000000,32000,1,-90.3090,idle,idle
flip_5m,4,mid,97.880000,32000,1,-90.3090,idle,idle
flip_5m,4,end,194.760000,32000,1,-90.3090,idle,idle
flip_5m,5,start,1.000000,32000,90,-65.8832,signal,varying
flip_5m,5,mid,97.880000,32000,492,-49.8705,signal,varying
flip_5m,5,end,194.760000,32000,685,-52.2765,signal,varying
flip_5m,6,start,1.000000,32000,83,-64.7440,signal,varying
flip_5m,6,mid,97.880000,32000,582,-49.7900,signal,varying
flip_5m,6,end,194.760000,32000,857,-50.5524,signal,varying
flip_5m,7,start,1.000000,32000,89,-66.0134,signal,varying
flip_5m,7,mid,97.880000,32000,444,-50.6808,signal,varying
flip_5m,7,end,194.760000,32000,778,-51.1023,signal,varying
flip_5m,8,start,1.000000,32000,98,-65.7049,signal,varying
flip_5m,8,mid,97.880000,32000,553,-49.7290,signal,varying
flip_5m,8,end,194.760000,32000,553,-53.0053,signal,varying
flip_10m,1,start,1.000000,32000,84,-66.0881,signal,varying
flip_10m,1,mid,96.056000,32000,413,-51.3571,signal,varying
flip_10m,1,end,191.112000,32000,2823,-41.8030,signal,varying
flip_10m,2,start,1.000000,32000,89,-65.7584,signal,varying
flip_10m,2,mid,96.056000,32000,411,-51.4199,signal,varying
flip_10m,2,end,191.112000,32000,3045,-41.5256,signal,varying
flip_10m,3,start,1.000000,32000,97,-65.5086,signal,varying
flip_10m,3,mid,96.056000,32000,451,-52.2542,signal,varying
flip_10m,3,end,191.112000,32000,2868,-40.2963,signal,varying
flip_10m,4,start,1.000000,32000,129,-64.8162,signal,varying
flip_10m,4,mid,96.056000,32000,388,-51.5992,signal,varying
flip_10m,4,end,191.112000,32000,1127,-48.3325,signal,varying
flip_10m,5,start,1.000000,32000,146,-64.4041,signal,varying
flip_10m,5,mid,96.056000,32000,408,-51.1491,signal,varying
flip_10m,5,end,191.112000,32000,1928,-45.4523,signal,varying
flip_10m,6,start,1.000000,32000,136,-61.3289,signal,flat
flip_10m,6,mid,96.056000,32000,129,-61.6767,signal,flat
flip_10m,6,end,191.112000,32000,163,-60.9805,signal,flat
flip_10m,7,start,1.000000,32000,1,-92.6560,idle,idle
flip_10m,7,mid,96.056000,32000,1,-93.4176,idle,idle
flip_10m,7,end,191.112000,32000,1,-95.2622,idle,idle
flip_10m,8,start,1.000000,32000,1,-93.2815,idle,idle
flip_10m,8,mid,96.056000,32000,1,-93.7155,idle,idle
flip_10m,8,end,191.112000,32000,1,-94.1171,idle,idle
neo2_2m,1,start,1.000000,32000,57,-67.3392,signal,varying
neo2_2m,1,mid,95.960000,32000,341,-52.1159,signal,varying
neo2_2m,1,end,190.920000,32000,491,-55.4409,signal,varying
neo2_2m,2,start,1.000000,32000,56,-66.9821,signal,varying
neo2_2m,2,mid,95.960000,32000,283,-53.3592,signal,varying
neo2_2m,2,end,190.920000,32000,287,-57.9633,signal,varying
neo2_2m,3,start,1.000000,32000,24,-62.7048,stuck_constant,stuck_constant
neo2_2m,3,mid,95.960000,32000,24,-62.7048,stuck_constant,stuck_constant
neo2_2m,3,end,190.920000,32000,24,-62.7048,stuck_constant,stuck_constant
neo2_2m,4,start,1.000000,32000,1,-90.3090,idle,idle
neo2_2m,4,mid,95.960000,32000,1,-90.3090,idle,idle
neo2_2m,4,end,190.920000,32000,1,-90.3090,idle,idle
neo2_2m,5,start,1.000000,32000,0,,digital_zero,digital_zero
neo2_2m,5,mid,95.960000,32000,0,,digital_zero,digital_zero
neo2_2m,5,end,190.920000,32000,0,,digital_zero,digital_zero
neo2_2m,6,start,1.000000,32000,0,,digital_zero,digital_zero
neo2_2m,6,mid,95.960000,32000,0,,digital_zero,digital_zero
neo2_2m,6,end,190.920000,32000,0,,digital_zero,digital_zero
neo2_2m,7,start,1.000000,32000,55,-66.8481,signal,varying
neo2_2m,7,mid,95.960000,32000,361,-51.3024,signal,varying
neo2_2m,7,end,190.920000,32000,376,-55.1016,signal,varying
neo2_2m,8,start,1.000000,32000,71,-65.9019,signal,varying
neo2_2m,8,mid,95.960000,32000,391,-51.0804,signal,varying
neo2_2m,8,end,190.920000,32000,475,-55.2359,signal,varying
neo2_5m,1,start,1.000000,32000,0,,digital_zero,digital_zero
neo2_5m,1,mid,91.704000,32000,0,,digital_zero,digital_zero
neo2_5m,1,end,182.408000,32000,0,,digital_zero,digital_zero
neo2_5m,2,start,1.000000,32000,0,,digital_zero,digital_zero
neo2_5m,2,mid,91.704000,32000,0,,digital_zero,digital_zero
neo2_5m,2,end,182.408000,32000,0,,digital_zero,digital_zero
neo2_5m,3,start,1.000000,32000,51,-66.9412,signal,varying
neo2_5m,3,mid,91.704000,32000,283,-54.0825,signal,varying
neo2_5m,3,end,182.408000,32000,3519,-40.1926,signal,varying
neo2_5m,4,start,1.000000,32000,78,-65.0993,signal,varying
neo2_5m,4,mid,91.704000,32000,255,-54.4867,signal,varying
neo2_5m,4,end,182.408000,32000,3510,-39.2273,signal,varying
neo2_5m,5,start,1.000000,32000,43,-67.8310,signal,varying
neo2_5m,5,mid,91.704000,32000,223,-55.5617,signal,varying
neo2_5m,5,end,182.408000,32000,3677,-35.1693,signal,varying
neo2_5m,6,start,1.000000,32000,54,-67.0122,signal,varying
neo2_5m,6,mid,91.704000,32000,238,-54.8330,signal,varying
neo2_5m,6,end,182.408000,32000,2277,-46.3685,signal,varying
neo2_5m,7,start,1.000000,32000,24,-62.7048,stuck_constant,stuck_constant
neo2_5m,7,mid,91.704000,32000,24,-62.7048,stuck_constant,stuck_constant
neo2_5m,7,end,182.408000,32000,24,-62.7048,stuck_constant,stuck_constant
neo2_5m,8,start,1.000000,32000,1,-90.3090,idle,idle
neo2_5m,8,mid,91.704000,32000,1,-90.3090,idle,idle
neo2_5m,8,end,182.408000,32000,1,-90.3090,idle,idle
neo2_10m,1,start,1.000000,32000,53,-66.6908,signal,varying
neo2_10m,1,mid,96.920000,32000,225,-55.6701,signal,varying
neo2_10m,1,end,192.840000,32000,3669,-35.4403,signal,varying
neo2_10m,2,start,1.000000,32000,61,-66.2501,signal,varying
neo2_10m,2,mid,96.920000,32000,255,-55.3052,signal,varying
neo2_10m,2,end,192.840000,32000,2969,-41.7475,signal,varying
neo2_10m,3,start,1.000000,32000,58,-66.5282,signal,varying
neo2_10m,3,mid,96.920000,32000,281,-54.6274,signal,varying
neo2_10m,3,end,192.840000,32000,3688,-40.1258,signal,varying
neo2_10m,4,start,1.000000,32000,139,-61.0426,signal,flat
neo2_10m,4,mid,96.920000,32000,138,-61.5423,signal,flat
neo2_10m,4,end,192.840000,32000,139,-61.3956,signal,flat
neo2_10m,5,start,1.000000,32000,1,-94.3640,idle,idle
neo2_10m,5,mid,96.920000,32000,1,-92.1035,idle,idle
neo2_10m,5,end,192.840000,32000,1,-93.7349,idle,idle
neo2_10m,6,start,1.000000,32000,1,-92.3535,idle,idle
neo2_10m,6,mid,96.920000,32000,1,-93.8946,idle,idle
neo2_10m,6,end,192.840000,32000,1,-93.2721,idle,idle
neo2_10m,7,start,1.000000,32000,59,-66.9528,signal,varying
neo2_10m,7,mid,96.920000,32000,245,-54.7020,signal,varying
neo2_10m,7,end,192.840000,32000,3725,-39.4439,signal,varying
neo2_10m,8,start,1.000000,32000,52,-66.0783,signal,varying
neo2_10m,8,mid,96.920000,32000,258,-54.7126,signal,varying
neo2_10m,8,end,192.840000,32000,3694,-38.6371,signal,varying
mini4pro_2m,1,start,1.000000,32000,113,-61.0344,signal,varying
mini4pro_2m,1,mid,95.640000,32000,347,-51.9290,signal,varying
mini4pro_2m,1,end,190.280000,32000,3692,-37.5187,signal,varying
mini4pro_2m,2,start,1.000000,32000,130,-60.3890,signal,varying
mini4pro_2m,2,mid,95.640000,32000,476,-51.1059,signal,varying
mini4pro_2m,2,end,190.280000,32000,1825,-47.8268,signal,varying
mini4pro_2m,3,start,1.000000,32000,138,-60.7149,signal,varying
mini4pro_2m,3,mid,95.640000,32000,399,-51.1276,signal,varying
mini4pro_2m,3,end,190.280000,32000,2208,-43.6890,signal,varying
mini4pro_2m,4,start,1.000000,32000,159,-61.6282,signal,flat
mini4pro_2m,4,mid,95.640000,32000,158,-61.6347,signal,flat
mini4pro_2m,4,end,190.280000,32000,139,-61.5364,signal,flat
mini4pro_2m,5,start,1.000000,32000,1,-93.2376,idle,near_silent
mini4pro_2m,5,mid,95.640000,32000,3,-91.2148,signal,near_silent
mini4pro_2m,5,end,190.280000,32000,1,-91.9640,idle,near_silent
mini4pro_2m,6,start,1.000000,32000,2,-94.7452,idle,idle
mini4pro_2m,6,mid,95.640000,32000,2,-90.7557,idle,idle
mini4pro_2m,6,end,190.280000,32000,1,-92.7405,idle,idle
mini4pro_2m,7,start,1.000000,32000,114,-60.9661,signal,varying
mini4pro_2m,7,mid,95.640000,32000,447,-51.5872,signal,varying
mini4pro_2m,7,end,190.280000,32000,3380,-36.9462,signal,varying
mini4pro_2m,8,start,1.000000,32000,116,-60.5659,signal,varying
mini4pro_2m,8,mid,95.640000,32000,396,-51.2505,signal,varying
mini4pro_2m,8,end,190.280000,32000,3425,-38.4494,signal,varying
mini4pro_5m,1,start,1.000000,32000,1,-94.0784,idle,near_silent
mini4pro_5m,1,mid,95.384000,32000,3,-86.9100,signal,near_silent
mini4pro_5m,1,end,189.768000,32000,4,-84.9106,signal,near_silent
mini4pro_5m,2,start,1.000000,32000,1,-92.2665,idle,near_silent
mini4pro_5m,2,mid,95.384000,32000,5,-86.0087,signal,near_silent
mini4pro_5m,2,end,189.768000,32000,4,-84.6120,signal,near_silent
mini4pro_5m,3,start,1.000000,32000,80,-65.7113,signal,varying
mini4pro_5m,3,mid,95.384000,32000,328,-53.4956,signal,varying
mini4pro_5m,3,end,189.768000,32000,3529,-35.2846,signal,varying
mini4pro_5m,4,start,1.000000,32000,66,-65.8422,signal,varying
mini4pro_5m,4,mid,95.384000,32000,318,-53.4483,signal,varying
mini4pro_5m,4,end,189.768000,32000,3635,-36.5313,signal,varying
mini4pro_5m,5,start,1.000000,32000,67,-66.4246,signal,varying
mini4pro_5m,5,mid,95.384000,32000,294,-54.0856,signal,varying
mini4pro_5m,5,end,189.768000,32000,3705,-34.1636,signal,varying
mini4pro_5m,6,start,1.000000,32000,91,-66.0936,signal,varying
mini4pro_5m,6,mid,95.384000,32000,325,-53.5769,signal,varying
mini4pro_5m,6,end,189.768000,32000,2200,-44.5159,signal,varying
mini4pro_5m,7,start,1.000000,32000,129,-65.5134,signal,varying
mini4pro_5m,7,mid,95.384000,32000,356,-53.2618,signal,varying
mini4pro_5m,7,end,189.768000,32000,2751,-41.3954,signal,varying
mini4pro_5m,8,start,1.000000,32000,131,-61.6222,signal,flat
mini4pro_5m,8,mid,95.384000,32000,130,-61.1398,signal,flat
mini4pro_5m,8,end,189.768000,32000,158,-61.4353,signal,flat
mini4pro_10m,1,start,1.000000,32000,57,-65.4386,signal,varying
mini4pro_10m,1,mid,95.608000,32000,457,-52.3991,signal,varying
mini4pro_10m,1,end,190.216000,32000,1665,-45.1058,signal,varying
mini4pro_10m,2,start,1.000000,32000,73,-65.1971,signal,varying
mini4pro_10m,2,mid,95.608000,32000,386,-52.5145,signal,varying
mini4pro_10m,2,end,190.216000,32000,2313,-44.2975,signal,varying
mini4pro_10m,3,start,1.000000,32000,68,-65.1342,signal,varying
mini4pro_10m,3,mid,95.608000,32000,336,-53.2050,signal,varying
mini4pro_10m,3,end,190.216000,32000,2446,-41.0065,signal,varying
mini4pro_10m,4,start,1.000000,32000,75,-65.1775,signal,varying
mini4pro_10m,4,mid,95.608000,32000,371,-52.4955,signal,varying
mini4pro_10m,4,end,190.216000,32000,758,-51.3164,signal,varying
mini4pro_10m,5,start,1.000000,32000,59,-65.1220,signal,varying
mini4pro_10m,5,mid,95.608000,32000,365,-52.2532,signal,varying
mini4pro_10m,5,end,190.216000,32000,1250,-48.5093,signal,varying
mini4pro_10m,6,start,1.000000,32000,160,-61.1602,signal,flat
mini4pro_10m,6,mid,95.608000,32000,133,-61.1070,signal,flat
mini4pro_10m,6,end,190.216000,32000,136,-61.0466,signal,flat
mini4pro_10m,7,start,1.000000,32000,1,-93.1544,idle,idle
mini4pro_10m,7,mid,95.608000,32000,1,-95.5801,idle,idle
mini4pro_10m,7,end,190.216000,32000,1,-93.1623,idle,idle
mini4pro_10m,8,start,1.000000,32000,1,-92.4198,idle,idle
mini4pro_10m,8,mid,95.608000,32000,1,-93.3662,idle,idle
mini4pro_10m,8,end,190.216000,32000,1,-94.2254,idle,idle
mini4pro_noguard_free,1,start,1.000000,32000,1,-94.1403,idle,near_silent
mini4pro_noguard_free,1,mid,91.576000,32000,3,-88.7980,signal,near_silent
mini4pro_noguard_free,1,end,182.152000,32000,1,-92.4564,idle,near_silent
mini4pro_noguard_free,2,start,1.000000,32000,1,-92.9331,idle,idle
mini4pro_noguard_free,2,mid,91.576000,32000,2,-88.7871,idle,idle
mini4pro_noguard_free,2,end,182.152000,32000,1,-94.8757,idle,idle
mini4pro_noguard_free,3,start,1.000000,32000,1,-90.3090,idle,idle
mini4pro_noguard_free,3,mid,91.576000,32000,1,-90.3090,idle,idle
mini4pro_noguard_free,3,end,182.152000,32000,1,-90.3090,idle,idle
mini4pro_noguard_free,4,start,1.000000,32000,1,-90.3090,idle,idle
mini4pro_noguard_free,4,mid,91.576000,32000,1,-90.3090,idle,idle
mini4pro_noguard_free,4,end,182.152000,32000,1,-90.3090,idle,idle
mini4pro_noguard_free,5,start,1.000000,32000,6,-74.7460,stuck_constant,stuck_constant
mini4pro_noguard_free,5,mid,91.576000,32000,6,-74.7460,stuck_constant,stuck_constant
mini4pro_noguard_free,5,end,182.152000,32000,6,-74.7460,stuck_constant,stuck_constant
mini4pro_noguard_free,6,start,1.000000,32000,6,-74.7460,stuck_constant,stuck_constant
mini4pro_noguard_free,6,mid,91.576000,32000,6,-74.7460,stuck_constant,stuck_constant
mini4pro_noguard_free,6,end,182.152000,32000,6,-74.7460,stuck_constant,stuck_constant
mini4pro_noguard_free,7,start,1.000000,32000,71,-65.1028,signal,varying
mini4pro_noguard_free,7,mid,91.576000,32000,323,-55.2967,signal,varying
mini4pro_noguard_free,7,end,182.152000,32000,2244,-45.4181,signal,varying
mini4pro_noguard_free,8,start,1.000000,32000,145,-61.0658,signal,flat
mini4pro_noguard_free,8,mid,91.576000,32000,170,-60.9215,signal,flat
mini4pro_noguard_free,8,end,182.152000,32000,135,-61.2498,signal,flat
multi_neo2_mini4pro_free,1,start,1.000000,32000,46,-66.8383,signal,varying
multi_neo2_mini4pro_free,1,mid,110.808000,32000,439,-49.9627,signal,varying
multi_neo2_mini4pro_free,1,end,220.616000,32000,2184,-43.3890,signal,varying
multi_neo2_mini4pro_free,2,start,1.000000,32000,55,-66.5751,signal,varying
multi_neo2_mini4pro_free,2,mid,110.808000,32000,480,-49.9694,signal,varying
multi_neo2_mini4pro_free,2,end,220.616000,32000,1944,-43.8525,signal,varying
multi_neo2_mini4pro_free,3,start,1.000000,32000,58,-66.8419,signal,varying
multi_neo2_mini4pro_free,3,mid,110.808000,32000,379,-50.8300,signal,varying
multi_neo2_mini4pro_free,3,end,220.616000,32000,3034,-39.9430,signal,varying
multi_neo2_mini4pro_free,4,start,1.000000,32000,52,-65.8557,signal,varying
multi_neo2_mini4pro_free,4,mid,110.808000,32000,403,-50.4432,signal,varying
multi_neo2_mini4pro_free,4,end,220.616000,32000,2715,-42.3562,signal,varying
multi_neo2_mini4pro_free,5,start,1.000000,32000,73,-65.7866,signal,varying
multi_neo2_mini4pro_free,5,mid,110.808000,32000,449,-50.0348,signal,varying
multi_neo2_mini4pro_free,5,end,220.616000,32000,1914,-44.5028,signal,varying
multi_neo2_mini4pro_free,6,start,1.000000,32000,163,-61.0347,signal,flat
multi_neo2_mini4pro_free,6,mid,110.808000,32000,136,-61.7643,signal,flat
multi_neo2_mini4pro_free,6,end,220.616000,32000,153,-60.9261,signal,flat
multi_neo2_mini4pro_free,7,start,1.000000,32000,1,-93.3082,idle,idle
multi_neo2_mini4pro_free,7,mid,110.808000,32000,1,-92.3469,idle,idle
multi_neo2_mini4pro_free,7,end,220.616000,32000,1,-92.5748,idle,idle
multi_neo2_mini4pro_free,8,start,1.000000,32000,1,-92.9039,idle,idle
multi_neo2_mini4pro_free,8,mid,110.808000,32000,1,-93.3044,idle,idle
multi_neo2_mini4pro_free,8,end,220.616000,32000,2,-92.9688,idle,idle
multi_flip_neo2_mini4pro_matrice_free,1,start,1.000000,32000,143,-65.8467,signal,varying
multi_flip_neo2_mini4pro_matrice_free,1,mid,185.912000,32000,574,-47.3347,signal,varying
multi_flip_neo2_mini4pro_matrice_free,1,end,370.824000,32000,148,-59.9403,signal,varying
multi_flip_neo2_mini4pro_matrice_free,2,start,1.000000,32000,175,-64.7583,signal,varying
multi_flip_neo2_mini4pro_matrice_free,2,mid,185.912000,32000,672,-47.4610,signal,varying
multi_flip_neo2_mini4pro_matrice_free,2,end,370.824000,32000,140,-61.4840,signal,varying
multi_flip_neo2_mini4pro_matrice_free,3,start,1.000000,32000,198,-65.8840,signal,varying
multi_flip_neo2_mini4pro_matrice_free,3,mid,185.912000,32000,534,-48.3183,signal,varying
multi_flip_neo2_mini4pro_matrice_free,3,end,370.824000,32000,143,-61.0002,signal,varying
multi_flip_neo2_mini4pro_matrice_free,4,start,1.000000,32000,272,-65.3149,signal,varying
multi_flip_neo2_mini4pro_matrice_free,4,mid,185.912000,32000,512,-47.6776,signal,varying
multi_flip_neo2_mini4pro_matrice_free,4,end,370.824000,32000,117,-62.3313,signal,varying
multi_flip_neo2_mini4pro_matrice_free,5,start,1.000000,32000,253,-65.5952,signal,varying
multi_flip_neo2_mini4pro_matrice_free,5,mid,185.912000,32000,603,-47.0112,signal,varying
multi_flip_neo2_mini4pro_matrice_free,5,end,370.824000,32000,110,-62.3781,signal,varying
multi_flip_neo2_mini4pro_matrice_free,6,start,1.000000,32000,138,-61.4754,signal,flat
multi_flip_neo2_mini4pro_matrice_free,6,mid,185.912000,32000,139,-61.2425,signal,flat
multi_flip_neo2_mini4pro_matrice_free,6,end,370.824000,32000,163,-61.3220,signal,flat
multi_flip_neo2_mini4pro_matrice_free,7,start,1.000000,32000,1,-92.6477,idle,idle
multi_flip_neo2_mini4pro_matrice_free,7,mid,185.912000,32000,1,-92.9219,idle,idle
multi_flip_neo2_mini4pro_matrice_free,7,end,370.824000,32000,1,-93.2651,idle,idle
multi_flip_neo2_mini4pro_matrice_free,8,start,1.000000,32000,1,-92.2006,idle,idle
multi_flip_neo2_mini4pro_matrice_free,8,mid,185.912000,32000,1,-92.7693,idle,idle
multi_flip_neo2_mini4pro_matrice_free,8,end,370.824000,32000,1,-92.8478,idle,idle
matrice350,1,start,1.000000,32000,53,-66.6393,signal,varying
matrice350,1,mid,312.568000,32000,1730,-38.1133,signal,varying
matrice350,1,end,624.136000,32000,49,-67.6380,signal,varying
matrice350,2,start,1.000000,32000,142,-61.1420,signal,mixed
matrice350,2,mid,312.568000,32000,144,-61.7183,signal,mixed
matrice350,2,end,624.136000,32000,157,-60.8923,signal,mixed
matrice350,3,start,1.000000,32000,1,-93.0606,idle,near_silent
matrice350,3,mid,312.568000,32000,8,-83.0765,signal,near_silent
matrice350,3,end,624.136000,32000,2,-90.6492,idle,near_silent
matrice350,4,start,1.000000,32000,1,-93.6679,idle,near_silent
matrice350,4,mid,312.568000,32000,5,-86.8794,signal,near_silent
matrice350,4,end,624.136000,32000,2,-92.1749,idle,near_silent
matrice350,5,start,1.000000,32000,54,-67.4016,signal,varying
matrice350,5,mid,312.568000,32000,1606,-38.8241,signal,varying
matrice350,5,end,624.136000,32000,48,-67.6042,signal,varying
matrice350,6,start,1.000000,32000,68,-64.3986,signal,varying
matrice350,6,mid,312.568000,32000,1737,-38.8392,signal,varying
matrice350,6,end,624.136000,32000,48,-68.2104,signal,varying
matrice350,7,start,1.000000,32000,57,-67.1948,signal,varying
matrice350,7,mid,312.568000,32000,1572,-39.1791,signal,varying
matrice350,7,end,624.136000,32000,52,-68.0571,signal,varying
matrice350,8,start,1.000000,32000,55,-66.6791,signal,varying
matrice350,8,mid,312.568000,32000,1635,-38.5654,signal,varying
matrice350,8,end,624.136000,32000,44,-68.1585,signal,varying
